{
  "dd_position": [
    118.493,
    24.684,
    0
  ],
  "goal_position": [
    119.308165,
    21.610862,
    1
  ]
}